INSERT INTO [dbo].[L_LotteryInfo]([Id],[LotteryCode],[Name],[TableStrategy],[IsCompleteDynamicTable],[CreateBy],[CreateTime])
VALUES('ACB89F4E-7C71-4785-BA09-D7E73084B467','BJPKS','北京PK10',1,0,'System',GETDATE())
GO


INSERT INTO [dbo].[L_TimeRule]([Id],[LotteryId],[Weekday],[StartTime],[EndTime],[Tick],[CreateBy],[CreateTime])VALUES
(NEWID(),'ACB89F4E-7C71-4785-BA09-D7E73084B467','0','09:07:00','23:57:00','00:05:00','system' ,GETDATE()),
(NEWID(),'ACB89F4E-7C71-4785-BA09-D7E73084B467','1','09:07:00','23:57:00','00:05:00','system' ,GETDATE()),
(NEWID(),'ACB89F4E-7C71-4785-BA09-D7E73084B467','2','09:07:00','23:57:00','00:05:00','system' ,GETDATE()),
(NEWID(),'ACB89F4E-7C71-4785-BA09-D7E73084B467','3','09:07:00','23:57:00','00:05:00','system' ,GETDATE()),
(NEWID(),'ACB89F4E-7C71-4785-BA09-D7E73084B467','4','09:07:00','23:57:00','00:05:00','system' ,GETDATE()),
(NEWID(),'ACB89F4E-7C71-4785-BA09-D7E73084B467','5','09:07:00','23:57:00','00:05:00','system' ,GETDATE()),
(NEWID(),'ACB89F4E-7C71-4785-BA09-D7E73084B467','6','09:07:00','23:57:00','00:05:00','system' ,GETDATE())
GO

INSERT INTO [dbo].[L_PositionInfo]([Id],[LotteryId],[Name],[PositionType],[Position],[MaxValue],[MinxValue])VALUES
(NEWID(),'ACB89F4E-7C71-4785-BA09-D7E73084B467','冠军','1',1,1,10),
(NEWID(),'ACB89F4E-7C71-4785-BA09-D7E73084B467','亚军','1',2,1,10),
(NEWID(),'ACB89F4E-7C71-4785-BA09-D7E73084B467','季军','1',3,1,10),
(NEWID(),'ACB89F4E-7C71-4785-BA09-D7E73084B467','第四名','1',4,1,10),
(NEWID(),'ACB89F4E-7C71-4785-BA09-D7E73084B467','第五名','1',5,1,10),
(NEWID(),'ACB89F4E-7C71-4785-BA09-D7E73084B467','第六名','1',6,1,10),
(NEWID(),'ACB89F4E-7C71-4785-BA09-D7E73084B467','第七名','1',7,1,10),
(NEWID(),'ACB89F4E-7C71-4785-BA09-D7E73084B467','第八名','1',8,1,10),
(NEWID(),'ACB89F4E-7C71-4785-BA09-D7E73084B467','第九名','1',9,1,10),
(NEWID(),'ACB89F4E-7C71-4785-BA09-D7E73084B467','第十名','1',10,1,10)
GO

INSERT INTO [dbo].[L_NormGroup]([Id],[LotteryId],[GroupCode],[GroupName],[Sort])VALUES
('ACCAAD93-2DF3-40FA-9B2D-42164EF00001','ACB89F4E-7C71-4785-BA09-D7E73084B467','DWXL' ,'定位系列',1),
('ACCAAD93-2DF3-40FA-9B2D-42164EF00002','ACB89F4E-7C71-4785-BA09-D7E73084B467','DXXL' ,'大小系列',2),
('ACCAAD93-2DF3-40FA-9B2D-42164EF00003','ACB89F4E-7C71-4785-BA09-D7E73084B467','DSXL' ,'单双系列',3),
('ACCAAD93-2DF3-40FA-9B2D-42164EF00004','ACB89F4E-7C71-4785-BA09-D7E73084B467','BDWXL' ,'不定位系列',4),
('ACCAAD93-2DF3-40FA-9B2D-42164EF00005','ACB89F4E-7C71-4785-BA09-D7E73084B467','MCXL' ,'名次系列',5),
('ACCAAD93-2DF3-40FA-9B2D-42164EF00006','ACB89F4E-7C71-4785-BA09-D7E73084B467','LHXL' ,'龙虎系列',6)
GO


INSERT INTO [dbo].[L_PlanInfo]([Id],[NormGroupId],[PlanCode],[PlanNormTable],[PredictCode],[PlanName],[DsType],[Sort])VALUES
(NEWID(),'ACCAAD93-2DF3-40FA-9B2D-42164EF00001','GJDM','LA_LotteryPredictData_GJDM','NUM','冠军定码',1,1),
(NEWID(),'ACCAAD93-2DF3-40FA-9B2D-42164EF00001','YJDM','LA_LotteryPredictData_YJDM','NUM','亚军定码',1,2),
(NEWID(),'ACCAAD93-2DF3-40FA-9B2D-42164EF00001','JJDM','LA_LotteryPredictData_JJDM','NUM','季军定码',1,3),
(NEWID(),'ACCAAD93-2DF3-40FA-9B2D-42164EF00001','DSIMDM','LA_LotteryPredictData_DSIMDM','NUM','第4名定码',1,4),
(NEWID(),'ACCAAD93-2DF3-40FA-9B2D-42164EF00001','DWUMDM','LA_LotteryPredictData_DWUMDM','NUM','第5名定码',1,5),
(NEWID(),'ACCAAD93-2DF3-40FA-9B2D-42164EF00001','DLIUMDM','LA_LotteryPredictData_DLIUMDM','NUM','第6名定码',1,6),
(NEWID(),'ACCAAD93-2DF3-40FA-9B2D-42164EF00001','DQIMDM','LA_LotteryPredictData_DQIMDM','NUM','第7名定码',1,7),
(NEWID(),'ACCAAD93-2DF3-40FA-9B2D-42164EF00001','DBAMDM','LA_LotteryPredictData_DBAMDM','NUM','第8名定码',1,8),
(NEWID(),'ACCAAD93-2DF3-40FA-9B2D-42164EF00001','DJIUMDM','LA_LotteryPredictData_DJIUMDM','NUM','第9名定码',1,9),
(NEWID(),'ACCAAD93-2DF3-40FA-9B2D-42164EF00001','GSHIMDM','LA_LotteryPredictData_GSHIMDM','NUM','第10名定码',1,10),

(NEWID(),'ACCAAD93-2DF3-40FA-9B2D-42164EF00001','GJSM','LA_LotteryPredictData_GJSM','NUM','冠军杀码',0,11),
(NEWID(),'ACCAAD93-2DF3-40FA-9B2D-42164EF00001','YJSM','LA_LotteryPredictData_YJSM','NUM','亚军杀码',0,12),
(NEWID(),'ACCAAD93-2DF3-40FA-9B2D-42164EF00001','JJSM','LA_LotteryPredictData_JJSM','NUM','季军杀码',0,13),
(NEWID(),'ACCAAD93-2DF3-40FA-9B2D-42164EF00001','DSIMSM','LA_LotteryPredictData_DSIMSM','NUM','第4名杀码',0,14),
(NEWID(),'ACCAAD93-2DF3-40FA-9B2D-42164EF00001','DWUMSM','LA_LotteryPredictData_DWUMSM','NUM','第5名杀码',0,15),
(NEWID(),'ACCAAD93-2DF3-40FA-9B2D-42164EF00001','DLIUMSM','LA_LotteryPredictData_DLIUMSM','NUM','第6名杀码',0,16),
(NEWID(),'ACCAAD93-2DF3-40FA-9B2D-42164EF00001','DQIMSM','LA_LotteryPredictData_DQIMSM','NUM','第7名杀码',0,17),
(NEWID(),'ACCAAD93-2DF3-40FA-9B2D-42164EF00001','DBAMSM','LA_LotteryPredictData_DBAMSM','NUM','第8名杀码',0,18),
(NEWID(),'ACCAAD93-2DF3-40FA-9B2D-42164EF00001','DJIUMSM','LA_LotteryPredictData_DJIUMSM','NUM','第9名杀码',0,19),
(NEWID(),'ACCAAD93-2DF3-40FA-9B2D-42164EF00001','GSHIMSM','LA_LotteryPredictData_GSHIMSM','NUM','第10名杀码',0,20),

(NEWID(),'ACCAAD93-2DF3-40FA-9B2D-42164EF00002','GJDX','LA_LotteryPredictData_GJDX','SIZE','冠军大小',1,21),
(NEWID(),'ACCAAD93-2DF3-40FA-9B2D-42164EF00002','YJDX','LA_LotteryPredictData_YJDX','SIZE','亚军大小',1,22),
(NEWID(),'ACCAAD93-2DF3-40FA-9B2D-42164EF00002','JJDX','LA_LotteryPredictData_JJDX','SIZE','季军大小',1,23),
(NEWID(),'ACCAAD93-2DF3-40FA-9B2D-42164EF00002','DSIDX','LA_LotteryPredictData_DSIDX','SIZE','第4名大小',1,24),
(NEWID(),'ACCAAD93-2DF3-40FA-9B2D-42164EF00002','DWUDX','LA_LotteryPredictData_DWUDX','SIZE','第5名大小',1,25),
(NEWID(),'ACCAAD93-2DF3-40FA-9B2D-42164EF00002','DLIUDX','LA_LotteryPredictData_DLIUDX','SIZE','第6名大小',1,26),
(NEWID(),'ACCAAD93-2DF3-40FA-9B2D-42164EF00002','DQIDX','LA_LotteryPredictData_DQIDX','SIZE','第7名大小',1,27),
(NEWID(),'ACCAAD93-2DF3-40FA-9B2D-42164EF00002','DBADX','LA_LotteryPredictData_DBADX','SIZE','第8名大小',1,28),
(NEWID(),'ACCAAD93-2DF3-40FA-9B2D-42164EF00002','DJIUDX','LA_LotteryPredictData_DJIUDX','SIZE','第9名大小',1,29),
(NEWID(),'ACCAAD93-2DF3-40FA-9B2D-42164EF00002','DSHIDX','LA_LotteryPredictData_DSHIDX','SIZE','第10名大小',1,30),
(NEWID(),'ACCAAD93-2DF3-40FA-9B2D-42164EF00002','DSHIDX','LA_LotteryPredictData_DSHIDX','SIZE','冠亚和值大小',1,31),

(NEWID(),'ACCAAD93-2DF3-40FA-9B2D-42164EF00003','GJDS','LA_LotteryPredictData_GJDS','SHAPE','冠军单双',1,32),
(NEWID(),'ACCAAD93-2DF3-40FA-9B2D-42164EF00003','YJDS','LA_LotteryPredictData_YJDS','SHAPE','亚军单双',1,33),
(NEWID(),'ACCAAD93-2DF3-40FA-9B2D-42164EF00003','JJDS','LA_LotteryPredictData_JJDS','SHAPE','季军单双',1,34),
(NEWID(),'ACCAAD93-2DF3-40FA-9B2D-42164EF00003','DSIDS','LA_LotteryPredictData_DSIDS','SHAPE','第4名单双',1,35),
(NEWID(),'ACCAAD93-2DF3-40FA-9B2D-42164EF00003','DWUDS','LA_LotteryPredictData_DWUDS','SHAPE','第5名单双',1,36),
(NEWID(),'ACCAAD93-2DF3-40FA-9B2D-42164EF00003','DLIUDS','LA_LotteryPredictData_DLIUDS','SHAPE','第6名单双',1,37),
(NEWID(),'ACCAAD93-2DF3-40FA-9B2D-42164EF00003','DQIDS','LA_LotteryPredictData_DQIDS','SHAPE','第7名单双',1,38),
(NEWID(),'ACCAAD93-2DF3-40FA-9B2D-42164EF00003','DBADS','LA_LotteryPredictData_DBADS','SHAPE','第8名单双',1,39),
(NEWID(),'ACCAAD93-2DF3-40FA-9B2D-42164EF00003','DJIUDS','LA_LotteryPredictData_DJIUDS','SHAPE','第9名单双',1,40),
(NEWID(),'ACCAAD93-2DF3-40FA-9B2D-42164EF00003','DSHIDS','LA_LotteryPredictData_DSHIDS','SHAPE','第10名单双',1,41),
(NEWID(),'ACCAAD93-2DF3-40FA-9B2D-42164EF00003','DSHIDS','LA_LotteryPredictData_DSHIDS','SHAPE','冠亚和值单双',1,42)
GO